timestamp_utc,symbol,signal,entry,sl,tp,lots,status,exit_price,pips_profit,profit
0.00015457676024266398,9.48000000000615e-05,2.1000000000048757e-05,1.860000000020179e-05,57.853364756648645,0.00014357142857141753,18.88246055057247,3.0,,EURUSD,buy,2025-10-27T22:00:36.962252,1.16485,1.0,1.1647064285714286,1.16495,open
0.00012022636907760287,9.160000000019153e-05,1.6999999999933735e-05,1.779999999995674e-05,56.493613481339224,0.00014571428571427285,19.046229761960323,29.0,,EURUSD,buy,2025-10-27T22:01:20.086028,1.16478,1.0,1.1646342857142857,1.16488,open
9.446357570386255e-05,8.920000000012251e-05,1.399999999995849e-05,1.7200000000050508e-05,55.41479444094546,0.00014571428571427285,19.046229761960323,46.0,,EURUSD,buy,2025-10-27T22:01:40.777712,1.16475,1.0,1.1646042857142858,1.16485,open
0.00012022636907760287,9.160000000019153e-05,1.6999999999933735e-05,1.779999999995674e-05,56.493613481339224,0.00014571428571427285,19.046229761960323,62.0,,EURUSD,buy,2025-10-27T22:02:01.758573,1.16478,1.0,1.1646342857142857,1.16488,open
0.00013740156466024445,9.319999999979345e-05,1.89999999997692e-05,1.8200000000190286e-05,57.18428222058754,0.00014571428571427285,19.046229761960323,95.0,,EURUSD,buy,2025-10-27T22:02:23.842636,1.1648,1.0,1.1646542857142859,1.1649,open
0.00010305117349518333,9.000000000014552e-05,1.5000000000098268e-05,1.740000000016728e-05,55.78029677761019,0.00014571428571427285,19.046229761960323,116.0,,EURUSD,buy,2025-10-27T22:04:11.810702,1.16476,1.0,1.1646142857142858,1.16486,open
0.00011163877128650412,9.080000000016852e-05,1.6000000000016e-05,1.760000000006201e-05,56.13985518305065,0.00014571428571427285,19.046229761960323,117.0,,EURUSD,buy,2025-10-27T22:04:33.011718,1.16477,1.0,1.164624285714286,1.16487,open
0.00016316435803398477,9.56000000000845e-05,2.199999999996649e-05,1.8800000000096517e-05,58.180124991904364,0.00014571428571427285,19.046229761960323,119.0,,EURUSD,buy,2025-10-27T22:04:54.049288,1.16472,1.0,1.1645742857142858,1.16482,open
1.7173425840733003e-05,9.619999999999074e-05,2.1999999999744446e-05,1.5799999999899228e-05,56.54753191555047,0.000139285714285691,19.736887704529043,3.0,,EURUSD,buy,2025-10-27T22:05:16.455795,1.16479,1.0,1.1646507142857143,1.16489,open
2.5760138761210527e-05,9.69999999997917e-05,2.299999999966218e-05,1.6000000000016e-05,56.92125142609488,0.00013999999999998142,19.736887704529018,7.0,,EURUSD,buy,2025-10-27T22:05:45.970079,1.16479,1.0,1.16465,1.16489,open
2.5760138761210527e-05,9.69999999997917e-05,2.299999999966218e-05,1.6000000000016e-05,56.92125142609488,0.00013999999999998142,19.736887704529018,7.0,,EURUSD,buy,2025-10-27T22:06:06.829374,1.16482,1.0,1.16468,1.16492,open
2.5760138761210527e-05,9.69999999997917e-05,2.299999999966218e-05,1.6000000000016e-05,56.92125142609488,0.00014214285714283674,19.736887704528954,13.0,,EURUSD,buy,2025-10-27T22:06:27.696510,1.16479,1.0,1.1646478571428571,1.16489,open
1.7173425840733003e-05,9.619999999999074e-05,2.1999999999744446e-05,1.5799999999899228e-05,56.54753191555047,0.00014214285714283674,19.736887704528954,14.0,,EURUSD,buy,2025-10-27T22:06:48.948420,1.16478,1.0,1.164637857142857,1.16488,open
1.7173425840733003e-05,9.619999999999074e-05,2.1999999999744446e-05,1.5799999999899228e-05,56.54753191555047,0.00014214285714283674,19.736887704528954,14.0,,EURUSD,buy,2025-10-27T22:07:10.498539,1.16478,1.0,1.164637857142857,1.16488,open
4.293356460194353e-05,9.85999999998377e-05,2.499999999971969e-05,1.6400000000027504e-05,57.64973118480965,0.00014499999999998244,19.73688770452887,17.0,,EURUSD,buy,2025-10-27T22:07:34.515110,1.16483,1.0,1.164685,1.16493,open
2.5760138761210527e-05,9.69999999997917e-05,2.299999999966218e-05,1.6000000000016e-05,56.92125142609488,0.00014499999999998244,19.73688770452887,23.0,,EURUSD,buy,2025-10-27T22:07:56.813443,1.16479,1.0,1.164645,1.16489,open
1.7173425840733003e-05,9.619999999999074e-05,2.1999999999744446e-05,1.5799999999899228e-05,56.54753191555047,0.00014499999999998244,19.73688770452887,24.0,,EURUSD,buy,2025-10-27T22:08:19.970887,1.16479,1.0,1.164645,1.16489,open
0.0,9.460000000016677e-05,1.999999999990898e-05,1.5399999999887726e-05,55.78029672836488,0.00014499999999998244,19.73688770452887,27.0,,EURUSD,buy,2025-10-27T22:08:40.918511,1.16476,1.0,1.164615,1.16486,open
0.0,7.939999999995173e-05,1.5000000000098268e-05,1.760000000006201e-05,56.70768779248005,0.00014214285714283674,25.165411011626027,1.0,151097611939,EURUSD,buy,2025-10-27T22:20:20.553816,1.16468,1.0,1.164537857142857,1.16478,open
0.00011162055878966015,8.959999999991197e-05,3.100000000011427e-05,2.419999999991873e-05,63.51158032609201,0.00015071428571427386,30.82720127727796,15.0,,EURUSD,buy,2025-10-27T22:31:17.116166,1.16497,1.0,1.1648192857142858,1.16507,open
9.444816512971244e-05,8.800000000008801e-05,2.9000000000278803e-05,2.379999999990723e-05,62.80074008783726,0.00015071428571427386,30.82720127727796,17.0,,EURUSD,buy,2025-10-27T22:31:37.965363,1.16494,1.0,1.1647892857142859,1.16504,open
8.586196829973858e-05,8.720000000028705e-05,2.800000000036107e-05,2.3599999999790455e-05,62.43483176158456,0.00015071428571427386,30.82720127727796,21.0,,EURUSD,buy,2025-10-27T22:32:00.933992,1.16494,1.0,1.1647892857142859,1.16504,open
7.727577146976472e-05,8.6400000000042e-05,2.700000000022129e-05,2.3399999999895726e-05,62.06165345323922,0.00015071428571427386,30.82720127727796,28.0,,EURUSD,buy,2025-10-27T22:32:22.440937,1.16492,1.0,1.1647692857142857,1.16502,open
-6.85912220383944e-05,0.0008761999999999937,4.399999999993298e-05,4.4000000000155026e-05,56.080965653872745,0.00046285714285708234,18.55877029174521,118.0,151105655502,EURUSD,buy,2025-10-28T17:07:46.285197,1.16627,1.0,1.1658071428571428,1.16637,open
0.00030869225954166524,0.0008003999999999234,3.599999999992498e-05,7.060000000014277e-05,59.66063583088854,0.00046785714285709927,20.514125278906736,183.0,,EURUSD,buy,2025-10-28T17:19:45.200845,1.16659,1.0,1.16674,1.16669,open
-7.714197552022295e-05,0.0007802000000001197,4.899999999996574e-05,7.80000000000225e-05,59.31321585457219,0.0004585714285713876,20.99360017582776,5.0,,EURUSD,buy,2025-10-28T17:20:05.366669,1.16661,1.0,1.16676,1.16671,open
-0.00014571262042717414,0.0007738000000001577,4.099999999995774e-05,7.639999999997649e-05,58.02214953767703,0.000464285714285679,20.993600175827712,13.0,,EURUSD,buy,2025-10-28T17:20:25.530283,1.16653,1.0,1.1666800000000002,1.16663,open
-0.00014571262042717414,0.0007738000000001577,4.099999999995774e-05,7.639999999997649e-05,58.02214953767703,0.0004685714285713897,20.993600175827684,39.0,,EURUSD,buy,2025-10-28T17:20:45.709213,1.16653,1.0,1.1666800000000002,1.16663,open
-0.00014571262042717414,0.0007738000000001577,4.099999999995774e-05,7.639999999997649e-05,58.02214953767703,0.0004685714285713897,20.993600175827684,51.0,,EURUSD,buy,2025-10-28T17:21:05.905409,1.16653,1.0,1.1666800000000002,1.16663,open
-9.428463674687748e-05,0.0007786000000000737,4.6999999999908226e-05,7.7600000000011e-05,58.9850925996569,0.0004685714285713897,20.993600175827684,65.0,,EURUSD,buy,2025-10-28T17:21:26.038638,1.16659,1.0,1.16674,1.16669,open
-7.714197552022295e-05,0.0007802000000001197,4.899999999996574e-05,7.80000000000225e-05,59.31321585457219,0.0004685714285713897,20.993600175827684,79.0,,EURUSD,buy,2025-10-28T17:21:46.206631,1.16661,1.0,1.16676,1.16671,open
-0.00016285528165382868,0.0007722000000001117,3.8999999999900226e-05,7.599999999996498e-05,57.708117472452415,0.0004685714285713897,20.993600175827684,93.0,,EURUSD,buy,2025-10-28T17:22:06.341831,1.16651,1.0,1.16666,1.16661,open
-8.571330613360573e-05,0.0007794000000000967,4.8000000000048004e-05,7.780000000012777e-05,59.14869917043515,0.00047071428571424497,20.99360017582767,116.0,,EURUSD,buy,2025-10-28T17:22:26.462393,1.1666,1.0,1.1667500000000002,1.1667,open
-0.00011156021247926695,-0.0003670000000000062,0.0,-1.3199999999935486e-05,44.07828978706649,0.00014785714285712816,32.52662563500002,34.0,,EURUSD,sell,2025-10-28T22:34:53.488033,1.16516,1.0,1.1650099999999999,1.16506,open
8.582512273092036e-06,-0.00035439999999997696,9.999999999177334e-07,-1.1599999999889476e-05,44.669606034746195,0.00014857142857141855,29.45595292147929,2.0,,EURUSD,sell,2025-10-28T22:35:13.660646,1.16517,1.0,1.16502,1.16507,open
0.0,-0.0003551999999997779,0.0,-1.180000000000625e-05,44.078289739959985,0.00014857142857141855,29.45595292147929,17.0,,EURUSD,sell,2025-10-28T22:36:48.177323,1.16516,1.0,1.1653085714285714,1.16506,open
-1.7165024545962027e-05,-0.0003567999999998239,-2.0000000000575113e-06,-1.2200000000017752e-05,43.155875473437675,0.00014999999999998348,29.18325763647056,20.0,,EURUSD,sell,2025-10-28T22:37:08.338338,1.16514,1.0,1.1652900000000002,1.16504,open
-4.2912561364905066e-05,-0.00035919999999989294,-5.000000000032756e-06,-1.2799999999923983e-05,41.842437667268264,0.0001521428571428388,28.807742817768496,21.0,,EURUSD,sell,2025-10-28T22:37:28.482990,1.16511,1.0,1.165262142857143,1.16501,open
-2.574753681894304e-05,-0.000357600000000069,-3.0000000001972893e-06,-1.2399999999912481e-05,42.708995759745505,0.0001521428571428388,28.807742817768496,22.0,,EURUSD,sell,2025-10-28T22:37:48.633695,1.16513,1.0,1.165282142857143,1.16503,open
-2.574753681894304e-05,-0.000357600000000069,-3.0000000001972893e-06,-1.2399999999912481e-05,42.708995759745505,0.0001521428571428388,28.807742817768496,26.0,,EURUSD,sell,2025-10-28T22:38:28.813117,1.16513,1.0,1.165282142857143,1.16503,open
-2.574753681894304e-05,-0.000357600000000069,-3.0000000001972893e-06,-1.2399999999912481e-05,42.708995759745505,0.0001521428571428388,28.807742817768496,28.0,,EURUSD,sell,2025-10-28T22:38:48.918714,1.16513,1.0,1.165282142857143,1.16503,open
-3.4330049092035075e-05,-0.00035839999999986993,-4.000000000115023e-06,-1.2600000000029254e-05,42.271276085489035,0.0001521428571428388,28.807742817768496,29.0,,EURUSD,sell,2025-10-28T22:39:09.085006,1.16512,1.0,1.1652721428571429,1.16502,open
-6.0077585910978115e-05,-0.00036079999999993895,-7.000000000090267e-06,-1.3199999999935486e-05,41.01034490505337,0.0001535714285714196,28.80402548383524,30.0,,EURUSD,sell,2025-10-28T22:39:29.257771,1.16509,1.0,1.1652435714285714,1.16499,open
-4.2912561364905066e-05,-0.00035919999999989294,-5.000000000032756e-06,-1.2799999999923983e-05,41.842437667268264,0.0001535714285714196,28.80402548383524,31.0,,EURUSD,sell,2025-10-28T22:39:49.406877,1.16511,1.0,1.1652635714285715,1.16501,open
-1.7165024545962027e-05,-0.00033439999999984593,6.000000000172534e-06,-1.480000000020354e-05,43.08651698562445,0.00014857142857141855,25.42572501111303,4.0,,EURUSD,sell,2025-10-28T22:40:09.583653,1.16514,1.0,1.1652885714285715,1.16504,open
-1.7165024545962027e-05,-0.00033439999999984593,6.000000000172534e-06,-1.480000000020354e-05,43.08651698562445,0.00014857142857141855,25.42572501111303,6.0,,EURUSD,sell,2025-10-28T22:40:29.737442,1.16514,1.0,1.1652885714285715,1.16504,open
-6.0077585910978115e-05,-0.000338400000000183,9.999999999177334e-07,-1.5800000000121273e-05,40.791944242865355,0.00015071428571427386,25.42572501111302,8.0,,EURUSD,sell,2025-10-28T22:40:49.886592,1.16509,1.0,1.1652407142857142,1.16499,open
-6.86600981838481e-05,-0.00033919999999998396,0.0,-1.6000000000238046e-05,40.36204801685725,0.0001557142857142749,25.495429318101014,13.0,,EURUSD,sell,2025-10-28T22:41:10.047079,1.1650800000000001,1.0,1.1652357142857144,1.1649800000000001,open
-0.00010299014727577216,-0.000342400000000298,-4.000000000115023e-06,-1.6800000000039006e-05,38.72940929838404,0.0001557142857142749,25.495429318101014,16.0,,EURUSD,sell,2025-10-28T22:41:30.207806,1.16504,1.0,1.1651957142857143,1.16494,open
-0.00012873768409482622,-0.00034479999999992295,-6.999999999868223e-06,-1.740000000016728e-05,37.58905560139254,0.00015642857142854943,25.595577925710586,18.0,,EURUSD,sell,2025-10-28T22:41:50.361869,1.16501,1.0,1.1651664285714287,1.1649100000000001,open
-0.00010299014727577216,-0.000342400000000298,-4.000000000115023e-06,-1.6800000000039006e-05,38.72940929838404,0.00015642857142854943,25.595577925710586,20.0,,EURUSD,sell,2025-10-28T22:42:10.507130,1.16504,1.0,1.1651964285714287,1.16494,open
-0.00010299014727577216,-0.000342400000000298,-4.000000000115023e-06,-1.6800000000039006e-05,38.72940929838404,0.00015642857142854943,25.595577925710586,20.0,,EURUSD,sell,2025-10-28T22:42:30.673020,1.16504,1.0,1.1651964285714287,1.16494,open
-5.149507363788608e-05,-0.00033759999999993795,2.0000000000575113e-06,-1.5600000000226544e-05,41.23109670762066,0.00015642857142854943,25.595577925710586,21.0,151106871334,EURUSD,sell,2025-10-28T22:42:51.048944,1.1651,1.0,1.1652564285714286,1.165,open
7.725454514262431e-05,-0.0003218000000000387,-1.5999999999793957e-05,-2.0200000000025753e-05,43.95714046795858,0.00015714285714287155,15.519144904358026,25.0,151106925249,EURUSD,sell,2025-10-28T23:01:18.718319,1.16507,1.0,1.165227142857143,1.16497,open
-0.00021467519642792698,0.001068000000000069,-8.000000000008e-06,2.439999999981346e-05,55.46313628420446,0.00029999999999999867,51.206386226151594,209.0,,EURUSD,buy,2025-10-29T11:14:41.291617,1.16431,1.0,1.16446,1.16441,open
-0.00013857252972826473,-0.0011959999999999749,-0.000128000000000128,-4.979999999998874e-05,25.463441026765622,0.00042428571428575,52.455041420453384,122.0,151130810371,EURUSD,sell,2025-10-31T13:37:26.891053,1.1544699999999999,1.0,1.1548942857142857,1.15437,open
